"identifier_LowLevelRequirement","text_LowLevelRequirement","identifier_SoftwareDesign","identifier_SYSTEM","identifier_HAZARD","identifier_HighLevelRequirement"
"OUT-LLR-1","Output Thread shall initialize the park_count to 0 on powerup.","LlrDev1","OutputThread",null,null
"IN-LLR-6","Input Thread shall print 'Limit Exceeded'' to the console when a valid UDP message is received and the park_count range is exceed.","LlrDev1","InputThread",null,null
"IN-LLR-4","Input Thread shall limit park_count to between 0 and 1500.","LlrDev1","InputThread",null,null
"OUT-LLR-2","Output Thread shall broadcast a UDP message on port 62001 with the park_count every second.","LlrDev1","OutputThread",null,"HLR-3"
"IN-LLR-2","Input Thread shall check for a incoming UDP message on port 62000.","LlrDev1","InputThread",null,"HLR-1"
"IN-LLR-2","Input Thread shall check for a incoming UDP message on port 62000.","LlrDev1","InputThread",null,"HLR-2"
"EXE-LLR-3","Executive shall print a single '.' character to the console every second when running.","LlrDev1","ExecutiveThread",null,null
"EXE-LLR-1","Executive shall spawn Input Thread on powerup.","LlrDev1","ExecutiveThread",null,null
"IN-LLR-5","Input Thread shall print 'Invalid Message' to the console when a invalid UDP message is received.","LlrDev1","InputThread",null,null
"IN-LLR-3","Input Thread shall add the delta value received by the UDP to the park_count and send the updated park_count to the Output Thread when a valid UDP message is received and the park_count range is not exceed.","LlrDev1","InputThread",null,"HLR-1"
"IN-LLR-3","Input Thread shall add the delta value received by the UDP to the park_count and send the updated park_count to the Output Thread when a valid UDP message is received and the park_count range is not exceed.","LlrDev1","InputThread",null,"HLR-2"
"IN-LLR-1","Input Thread shall initialize the park_count to 0 on powerup.","LlrDev1","InputThread",null,null
"EXE-LLR-2","Executive shall spawn Output Thread on powerup.","LlrDev1","ExecutiveThread",null,null

