"identifier_HighLevelRequirement","identifier_HAZARD","identifier_SoftwareThread","identifier_SoftwareDesign","identifier_LowLevelRequirement","text_LowLevelRequirement"
null,null,"OutputThread","LlrDev1","OUT-LLR-1","Output Thread shall initialize the park_count to 0 on powerup."
null,null,"InputThread","LlrDev1","IN-LLR-6","Input Thread shall print 'Limit Exceeded'' to the console when a valid UDP message is received and the park_count range is exceed."
null,null,"InputThread","LlrDev1","IN-LLR-4","Input Thread shall limit park_count to between 0 and 1500."
"HLR-3",null,"OutputThread","LlrDev1","OUT-LLR-2","Output Thread shall broadcast a UDP message on port 62001 with the park_count every second."
"HLR-2",null,"InputThread","LlrDev1","IN-LLR-2","Input Thread shall check for a incoming UDP message on port 62000."
"HLR-1",null,"InputThread","LlrDev1","IN-LLR-2","Input Thread shall check for a incoming UDP message on port 62000."
null,null,"ExecutiveThread","LlrDev1","EXE-LLR-3","Executive shall print a single '.' character to the console every second when running."
null,null,"ExecutiveThread","LlrDev1","EXE-LLR-1","Executive shall spawn Input Thread on powerup."
null,null,"InputThread","LlrDev1","IN-LLR-5","Input Thread shall print 'Invalid Message' to the console when a invalid UDP message is received."
"HLR-2",null,"InputThread","LlrDev1","IN-LLR-3","Input Thread shall add the delta value received by the UDP to the park_count and send the updated park_count to the Output Thread when a valid UDP message is received and the park_count range is not exceed."
"HLR-1",null,"InputThread","LlrDev1","IN-LLR-3","Input Thread shall add the delta value received by the UDP to the park_count and send the updated park_count to the Output Thread when a valid UDP message is received and the park_count range is not exceed."
null,null,"InputThread","LlrDev1","IN-LLR-1","Input Thread shall initialize the park_count to 0 on powerup."
null,null,"ExecutiveThread","LlrDev1","EXE-LLR-2","Executive shall spawn Output Thread on powerup."

