identifier,dataInsertedBy_identifier,reviewed_identifier,author_identifier,governedBy_identifier,reviewer_identifier
LlrReview1,TurnstileIngestion-SystemReview,IN-LLR-1,,,
LlrReview1,TurnstileIngestion-SystemReview,IN-LLR-2:v2,,,
LlrReview1,TurnstileIngestion-SystemReview,IN-LLR-3:v2,,,
LlrReview1,TurnstileIngestion-SystemReview,IN-LLR-4,,,
LlrReview1,TurnstileIngestion-SystemReview,IN-LLR-5,,,
LlrReview1,TurnstileIngestion-SystemReview,IN-LLR-6,,,
LlrReview1,TurnstileIngestion-SystemReview,,2125895152,SW-STD:v1,259863025
LlrReview2,TurnstileIngestion-SystemReview,OUT-LLR-1,,,
LlrReview2,TurnstileIngestion-SystemReview,OUT-LLR-2:v2,,,
LlrReview2,TurnstileIngestion-SystemReview,,2125895152,SW-STD:v1,259863025
LlrReview3,TurnstileIngestion-SystemReview,EXE-LLR-1,,,
LlrReview3,TurnstileIngestion-SystemReview,EXE-LLR-2,,,
LlrReview3,TurnstileIngestion-SystemReview,EXE-LLR-3,,,
LlrReview3,TurnstileIngestion-SystemReview,,2125895152,SW-STD:v1,259863025
